,precision,recall,f1-score,support
0,0.9023516237402016,0.9017457475380484,0.9020485839023844,4468.0
1,0.9198173515981735,0.9203216374269005,0.9200694254133552,5472.0
accuracy,0.9119718309859155,0.9119718309859155,0.9119718309859155,0.9119718309859155
macro avg,0.9110844876691875,0.9110336924824745,0.9110590046578698,9940.0
weighted avg,0.9119665596394795,0.9119718309859155,0.9119691115430315,9940.0
