Metric,Value
Accuracy,0.9119718309859155
Precision,0.9198173515981735
Recall,0.9203216374269005
F1 Score,0.9200694254133552
